username,access_key_id
john.doe,AKIAF7Q9M2L8KX5R9D3A
alice.williams,AKIA9M4K2R8FQ7XEL3A1
mark.smith,AKIAK3F9R8M7Q2XDL4A1
priya.kumar,AKIA8QF7M2K9LXR4D3A1
henry.adams,AKIA8HGF96FTMK4D3A6
santhosh,huwqdbewqdfbhjahs
john.doe,AKIAF7Q9M2L8KX5R9D3Ad
alice.williams,AKIA9M4K2R8FQ7XEL3A1ds
mark.smith,AKIAK3F9R8M7Q2XDL4A1ds
priya.kumar,AKIA8QF7M2K9LXR4D3A1d
henry.adams,AKIA8HGF96FTMK4D3A6
santhosh,huwqdbewqdfbhjahss
john.doe,AKIAF7Q9M2L8KX5R9D3AdsL3A1ds
mark.smith,AKIAK3F9R8M7Q2XDL4A1dss
priya.kumar,AKIA8QF7M2K9LXR4D3A1dd
henry.adams,AKIA8HGF96FTMK4D3A6ds